Workbook

Sheet Dashboard
A1: 日常热量、运动消耗与体重追踪 Dashboard
A3: 个人参数 | B3: 值
A4: 身高 cm | B4: 174
A5: 基础代谢 BMR kcal | B5: 1700
A6: 当前体重 kg | B6: 80
A7: 目标体重 kg | B7: 70
A8: 普通日目标摄入 kcal | B8: 2000
A9: 跑步日目标摄入 kcal | B9: 2200
A10: 羽毛球日目标摄入 kcal | B10: 2600
A11: 备注 | B11: 体重会影响运动消耗公式，建议先填B6当前体重。
A13: 今日/最近记录概览
A14: 最近日期 | B14: =MAX(Daily_Log!A:A) -> 46547 | C14: 最近摄入 kcal | D14: =IFERROR(LOOKUP(2,1/(Daily_Log!W:W<>""),Daily_Log!W:W),"") -> 1537.5
A15: 最近总消耗 kcal | B15: =IFERROR(LOOKUP(2,1/(Daily_Log!AG:AG<>""),Daily_Log!AG:AG),"") -> 2720 | C15: 最近净热量 kcal | D15: =IFERROR(LOOKUP(2,1/(Daily_Log!AH:AH<>""),Daily_Log!AH:AH),"") -> -1182.5
A16: 最近体重 kg | B16: {=IFERROR(LOOKUP(2,1/(Weight_Log!B:B<>""),Weight_Log!B:B),"")} -> 80 | C16: 7日均重 kg | D16: =IFERROR(LOOKUP(2,1/(Weight_Log!C:C<>""),Weight_Log!C:C),"") -> 80
A17: 近7天平均摄入 | B17: =IFERROR(AVERAGEIFS(Daily_Log!W:W,Daily_Log!A:A,">="&TODAY()-6,Daily_Log!A:A,"<="&TODAY()),"") -> 2637.5 | C17: 近7天平均消耗 | D17: =IFERROR(AVERAGEIFS(Daily_Log!AG:AG,Daily_Log!A:A,">="&TODAY()-6,Daily_Log!A:A,"<="&TODAY()),"") -> 2720
A20: 已整理的默认估算
A21: 早餐 | B21: 2个鸡蛋 + 400g酸奶 + 约30g麦片 | C21: 约520 kcal | D21: 麦片重量不确定，模板默认30g，可在Daily_Log修改
A22: 普通午晚合并餐 | B22: 魔芋丝150g + 米饭1份222kcal + 肉250g + 蔬菜250g | C22: 约550到1000+ kcal | D22: 关键变量是肉类脂肪含量
A23: 香蕉 | B23: 餐前1根 + 运动后2根 | C23: 约270 kcal | D23: 模板默认3根
A24: 普通日总摄入 | B24: 基本无油，调味料3g以内 | C24: 约1500到1800 kcal | D24: 肉偏瘦时可能更低
A25: 跑步+力量消耗 | B25: 6.5km跑步 + 30min力量 | C25: 约500到750 kcal | D25: 公式会随体重变化
A26: 羽毛球消耗 | B26: 3.5小时中高强度单打 | C26: 约1200到2000+ kcal | D26: 公式按7MET估算

Sheet Daily_Log
A1: 日期 | B1: 星期 | C1: 日类型 | D1: 鸡蛋 个 | E1: 酸奶 g | F1: 麦片 g | G1: 米饭 份 | H1: 魔芋丝 g | I1: 蔬菜 g | J1: 肉类 | K1: 肉 g | L1: 香蕉 根 | M1: 额外/放纵 kcal | N1: 鸡蛋 kcal | O1: 酸奶 kcal | P1: 麦片 kcal | Q1: 米饭 kcal | R1: 魔芋 kcal | S1: 蔬菜 kcal | T1: 肉 kcal | U1: 香蕉 kcal | V1: 额外 kcal | W1: 总摄入 kcal | X1: 蛋白质 g | Y1: 脂肪 g | Z1: 碳水 g | AA1: 跑步 km | AB1: 力量训练 min | AC1: 波比 个 | AD1: 羽毛球 h | AE1: 运动消耗 kcal | AF1: BMR kcal | AG1: 总消耗 kcal | AH1: 净热量 kcal | AI1: 备注
A2: 46178 | B2: 周五 | C2: 周五放纵/跑步+力量 | D2: 2 | E2: 400 | F2: 30 | G2: 1 | H2: 150 | I2: 250 | J2: 瘦牛肉 | K2: 250 | L2: 3 | M2: 1000 | N2: =D2*Food_DB!$C$2 -> 150 | O2: =E2/100*Food_DB!$C$3 -> 260 | P2: =F2/30*Food_DB!$C$4 -> 111 | Q2: =G2*Food_DB!$C$5 -> 222 | R2: =H2/100*Food_DB!$C$6 -> 12 | S2: =I2/100*Food_DB!$C$7 -> 62.5 | T2: =IFERROR(K2/100*VLOOKUP(J2,Food_DB!$A$2:$F$14,3,FALSE),0) -> 550 | U2: =L2*Food_DB!$C$8 -> 270 | V2: =M2 -> 1000 | W2: =SUM(N2:V2) -> 2637.5 | X2: =D2*Food_DB!$D$2+E2/100*Food_DB!$D$3+F2/30*Food_DB!$D$4+G2*Food_DB!$D$5+H2/100*Food_DB!$D$6+I2/100*Food_DB!$D$7+IFERROR(K2/100*VLOOKUP(J2,Food_DB!$A$2:$F$14,4,FALSE),0)+L2*Food_DB!$D$8 -> 93 | Y2: =D2*Food_DB!$E$2+E2/100*Food_DB!$E$3+F2/30*Food_DB!$E$4+G2*Food_DB!$E$5+H2/100*Food_DB!$E$6+I2/100*Food_DB!$E$7+IFERROR(K2/100*VLOOKUP(J2,Food_DB!$A$2:$F$14,5,FALSE),0)+L2*Food_DB!$E$8 -> 63.6 | Z2: =D2*Food_DB!$F$2+E2/100*Food_DB!$F$3+F2/30*Food_DB!$F$4+G2*Food_DB!$F$5+H2/100*Food_DB!$F$6+I2/100*Food_DB!$F$7+IFERROR(K2/100*VLOOKUP(J2,Food_DB!$A$2:$F$14,6,FALSE),0)+L2*Food_DB!$F$8 -> 178.15 | AA2: 6.5 | AB2: 30 | AC2: 0 | AD2: 0 | AE2: =Dashboard!$B$6*AA2+Dashboard!$B$6*4*AB2/60+Dashboard!$B$6*8*AC2/120+Dashboard!$B$6*7*AD2 -> 680 | AF2: =Dashboard!$B$5 -> 1700 | AG2: =AF2*1.2+AE2 -> 2720 | AH2: =W2-AG2 -> -82.5
A3: 46179 | B3: 周六 | C3: 羽毛球 | D3: 2 | E3: 400 | F3: 30 | G3: 1 | H3: 150 | I3: 250 | J3: 瘦猪肉 | K3: 250 | L3: 3 | M3: 0 | N3: =D3*Food_DB!$C$2 -> 150 | O3: =E3/100*Food_DB!$C$3 -> 260 | P3: =F3/30*Food_DB!$C$4 -> 111 | Q3: =G3*Food_DB!$C$5 -> 222 | R3: =H3/100*Food_DB!$C$6 -> 12 | S3: =I3/100*Food_DB!$C$7 -> 62.5 | T3: =IFERROR(K3/100*VLOOKUP(J3,Food_DB!$A$2:$F$14,3,FALSE),0) -> 450 | U3: =L3*Food_DB!$C$8 -> 270 | V3: =M3 -> 0 | W3: =SUM(N3:V3) -> 1537.5 | X3: =D3*Food_DB!$D$2+E3/100*Food_DB!$D$3+F3/30*Food_DB!$D$4+G3*Food_DB!$D$5+H3/100*Food_DB!$D$6+I3/100*Food_DB!$D$7+IFERROR(K3/100*VLOOKUP(J3,Food_DB!$A$2:$F$14,4,FALSE),0)+L3*Food_DB!$D$8 -> 93 | Y3: =D3*Food_DB!$E$2+E3/100*Food_DB!$E$3+F3/30*Food_DB!$E$4+G3*Food_DB!$E$5+H3/100*Food_DB!$E$6+I3/100*Food_DB!$E$7+IFERROR(K3/100*VLOOKUP(J3,Food_DB!$A$2:$F$14,5,FALSE),0)+L3*Food_DB!$E$8 -> 51.1 | Z3: =D3*Food_DB!$F$2+E3/100*Food_DB!$F$3+F3/30*Food_DB!$F$4+G3*Food_DB!$F$5+H3/100*Food_DB!$F$6+I3/100*Food_DB!$F$7+IFERROR(K3/100*VLOOKUP(J3,Food_DB!$A$2:$F$14,6,FALSE),0)+L3*Food_DB!$F$8 -> 178.15 | AA3: 0 | AB3: 0 | AC3: 0 | AD3: 3.5 | AE3: =Dashboard!$B$6*AA3+Dashboard!$B$6*4*AB3/60+Dashboard!$B$6*8*AC3/120+Dashboard!$B$6*7*AD3 -> 1960 | AF3: =Dashboard!$B$5 -> 1700 | AG3: =AF3*1.2+AE3 -> 4000 | AH3: =W3-AG3 -> -2462.5
A4: 46180 | B4: 周日 | C4: 羽毛球 | D4: 2 | E4: 400 | F4: 30 | G4: 1 | H4: 150 | I4: 250 | J4: 鸡胸/瘦鸡肉 | K4: 250 | L4: 3 | M4: 0 | N4: =D4*Food_DB!$C$2 -> 150 | O4: =E4/100*Food_DB!$C$3 -> 260 | P4: =F4/30*Food_DB!$C$4 -> 111 | Q4: =G4*Food_DB!$C$5 -> 222 | R4: =H4/100*Food_DB!$C$6 -> 12 | S4: =I4/100*Food_DB!$C$7 -> 62.5 | T4: =IFERROR(K4/100*VLOOKUP(J4,Food_DB!$A$2:$F$14,3,FALSE),0) -> 300 | U4: =L4*Food_DB!$C$8 -> 270 | V4: =M4 -> 0 | W4: =SUM(N4:V4) -> 1387.5 | X4: =D4*Food_DB!$D$2+E4/100*Food_DB!$D$3+F4/30*Food_DB!$D$4+G4*Food_DB!$D$5+H4/100*Food_DB!$D$6+I4/100*Food_DB!$D$7+IFERROR(K4/100*VLOOKUP(J4,Food_DB!$A$2:$F$14,4,FALSE),0)+L4*Food_DB!$D$8 -> 100.5 | Y4: =D4*Food_DB!$E$2+E4/100*Food_DB!$E$3+F4/30*Food_DB!$E$4+G4*Food_DB!$E$5+H4/100*Food_DB!$E$6+I4/100*Food_DB!$E$7+IFERROR(K4/100*VLOOKUP(J4,Food_DB!$A$2:$F$14,5,FALSE),0)+L4*Food_DB!$E$8 -> 32.35 | Z4: =D4*Food_DB!$F$2+E4/100*Food_DB!$F$3+F4/30*Food_DB!$F$4+G4*Food_DB!$F$5+H4/100*Food_DB!$F$6+I4/100*Food_DB!$F$7+IFERROR(K4/100*VLOOKUP(J4,Food_DB!$A$2:$F$14,6,FALSE),0)+L4*Food_DB!$F$8 -> 178.15 | AA4: 0 | AB4: 0 | AC4: 0 | AD4: 3.5 | AE4: =Dashboard!$B$6*AA4+Dashboard!$B$6*4*AB4/60+Dashboard!$B$6*8*AC4/120+Dashboard!$B$6*7*AD4 -> 1960 | AF4: =Dashboard!$B$5 -> 1700 | AG4: =AF4*1.2+AE4 -> 4000 | AH4: =W4-AG4 -> -2612.5
A5: 46181 | B5: 周一 | C5: 跑步+力量 | D5: 2 | E5: 400 | F5: 30 | G5: 1 | H5: 150 | I5: 250 | J5: 羊肉 | K5: 250 | L5: 3 | M5: 0 | N5: =D5*Food_DB!$C$2 -> 150 | O5: =E5/100*Food_DB!$C$3 -> 260 | P5: =F5/30*Food_DB!$C$4 -> 111 | Q5: =G5*Food_DB!$C$5 -> 222 | R5: =H5/100*Food_DB!$C$6 -> 12 | S5: =I5/100*Food_DB!$C$7 -> 62.5 | T5: =IFERROR(K5/100*VLOOKUP(J5,Food_DB!$A$2:$F$14,3,FALSE),0) -> 575 | U5: =L5*Food_DB!$C$8 -> 270 | V5: =M5 -> 0 | W5: =SUM(N5:V5) -> 1662.5 | X5: =D5*Food_DB!$D$2+E5/100*Food_DB!$D$3+F5/30*Food_DB!$D$4+G5*Food_DB!$D$5+H5/100*Food_DB!$D$6+I5/100*Food_DB!$D$7+IFERROR(K5/100*VLOOKUP(J5,Food_DB!$A$2:$F$14,4,FALSE),0)+L5*Food_DB!$D$8 -> 88 | Y5: =D5*Food_DB!$E$2+E5/100*Food_DB!$E$3+F5/30*Food_DB!$E$4+G5*Food_DB!$E$5+H5/100*Food_DB!$E$6+I5/100*Food_DB!$E$7+IFERROR(K5/100*VLOOKUP(J5,Food_DB!$A$2:$F$14,5,FALSE),0)+L5*Food_DB!$E$8 -> 68.6 | Z5: =D5*Food_DB!$F$2+E5/100*Food_DB!$F$3+F5/30*Food_DB!$F$4+G5*Food_DB!$F$5+H5/100*Food_DB!$F$6+I5/100*Food_DB!$F$7+IFERROR(K5/100*VLOOKUP(J5,Food_DB!$A$2:$F$14,6,FALSE),0)+L5*Food_DB!$F$8 -> 178.15 | AA5: 6.5 | AB5: 30 | AC5: 0 | AD5: 0 | AE5: =Dashboard!$B$6*AA5+Dashboard!$B$6*4*AB5/60+Dashboard!$B$6*8*AC5/120+Dashboard!$B$6*7*AD5 -> 680 | AF5: =Dashboard!$B$5 -> 1700 | AG5: =AF5*1.2+AE5 -> 2720 | AH5: =W5-AG5 -> -1057.5
A6: 46182 | B6: 周二 | C6: 跑步+力量 | D6: 2 | E6: 400 | F6: 30 | G6: 1 | H6: 150 | I6: 250 | J6: 瘦牛肉 | K6: 250 | L6: 3 | M6: 0 | N6: =D6*Food_DB!$C$2 -> 150 | O6: =E6/100*Food_DB!$C$3 -> 260 | P6: =F6/30*Food_DB!$C$4 -> 111 | Q6: =G6*Food_DB!$C$5 -> 222 | R6: =H6/100*Food_DB!$C$6 -> 12 | S6: =I6/100*Food_DB!$C$7 -> 62.5 | T6: =IFERROR(K6/100*VLOOKUP(J6,Food_DB!$A$2:$F$14,3,FALSE),0) -> 550 | U6: =L6*Food_DB!$C$8 -> 270 | V6: =M6 -> 0 | W6: =SUM(N6:V6) -> 1637.5 | X6: =D6*Food_DB!$D$2+E6/100*Food_DB!$D$3+F6/30*Food_DB!$D$4+G6*Food_DB!$D$5+H6/100*Food_DB!$D$6+I6/100*Food_DB!$D$7+IFERROR(K6/100*VLOOKUP(J6,Food_DB!$A$2:$F$14,4,FALSE),0)+L6*Food_DB!$D$8 -> 93 | Y6: =D6*Food_DB!$E$2+E6/100*Food_DB!$E$3+F6/30*Food_DB!$E$4+G6*Food_DB!$E$5+H6/100*Food_DB!$E$6+I6/100*Food_DB!$E$7+IFERROR(K6/100*VLOOKUP(J6,Food_DB!$A$2:$F$14,5,FALSE),0)+L6*Food_DB!$E$8 -> 63.6 | Z6: =D6*Food_DB!$F$2+E6/100*Food_DB!$F$3+F6/30*Food_DB!$F$4+G6*Food_DB!$F$5+H6/100*Food_DB!$F$6+I6/100*Food_DB!$F$7+IFERROR(K6/100*VLOOKUP(J6,Food_DB!$A$2:$F$14,6,FALSE),0)+L6*Food_DB!$F$8 -> 178.15 | AA6: 6.5 | AB6: 30 | AC6: 0 | AD6: 0 | AE6: =Dashboard!$B$6*AA6+Dashboard!$B$6*4*AB6/60+Dashboard!$B$6*8*AC6/120+Dashboard!$B$6*7*AD6 -> 680 | AF6: =Dashboard!$B$5 -> 1700 | AG6: =AF6*1.2+AE6 -> 2720 | AH6: =W6-AG6 -> -1082.5
A7: 46183 | B7: 周三 | C7: 跑步+力量 | D7: 2 | E7: 400 | F7: 30 | G7: 1 | H7: 150 | I7: 250 | J7: 瘦猪肉 | K7: 250 | L7: 3 | M7: 0 | N7: =D7*Food_DB!$C$2 -> 150 | O7: =E7/100*Food_DB!$C$3 -> 260 | P7: =F7/30*Food_DB!$C$4 -> 111 | Q7: =G7*Food_DB!$C$5 -> 222 | R7: =H7/100*Food_DB!$C$6 -> 12 | S7: =I7/100*Food_DB!$C$7 -> 62.5 | T7: =IFERROR(K7/100*VLOOKUP(J7,Food_DB!$A$2:$F$14,3,FALSE),0) -> 450 | U7: =L7*Food_DB!$C$8 -> 270 | V7: =M7 -> 0 | W7: =SUM(N7:V7) -> 1537.5 | X7: =D7*Food_DB!$D$2+E7/100*Food_DB!$D$3+F7/30*Food_DB!$D$4+G7*Food_DB!$D$5+H7/100*Food_DB!$D$6+I7/100*Food_DB!$D$7+IFERROR(K7/100*VLOOKUP(J7,Food_DB!$A$2:$F$14,4,FALSE),0)+L7*Food_DB!$D$8 -> 93 | Y7: =D7*Food_DB!$E$2+E7/100*Food_DB!$E$3+F7/30*Food_DB!$E$4+G7*Food_DB!$E$5+H7/100*Food_DB!$E$6+I7/100*Food_DB!$E$7+IFERROR(K7/100*VLOOKUP(J7,Food_DB!$A$2:$F$14,5,FALSE),0)+L7*Food_DB!$E$8 -> 51.1 | Z7: =D7*Food_DB!$F$2+E7/100*Food_DB!$F$3+F7/30*Food_DB!$F$4+G7*Food_DB!$F$5+H7/100*Food_DB!$F$6+I7/100*Food_DB!$F$7+IFERROR(K7/100*VLOOKUP(J7,Food_DB!$A$2:$F$14,6,FALSE),0)+L7*Food_DB!$F$8 -> 178.15 | AA7: 6.5 | AB7: 30 | AC7: 0 | AD7: 0 | AE7: =Dashboard!$B$6*AA7+Dashboard!$B$6*4*AB7/60+Dashboard!$B$6*8*AC7/120+Dashboard!$B$6*7*AD7 -> 680 | AF7: =Dashboard!$B$5 -> 1700 | AG7: =AF7*1.2+AE7 -> 2720 | AH7: =W7-AG7 -> -1182.5
A8: 46184 | B8: 周四 | C8: 跑步+力量 | D8: 2 | E8: 400 | F8: 30 | G8: 1 | H8: 150 | I8: 250 | J8: 鸡胸/瘦鸡肉 | K8: 250 | L8: 3 | M8: 0 | N8: =D8*Food_DB!$C$2 -> 150 | O8: =E8/100*Food_DB!$C$3 -> 260 | P8: =F8/30*Food_DB!$C$4 -> 111 | Q8: =G8*Food_DB!$C$5 -> 222 | R8: =H8/100*Food_DB!$C$6 -> 12 | S8: =I8/100*Food_DB!$C$7 -> 62.5 | T8: =IFERROR(K8/100*VLOOKUP(J8,Food_DB!$A$2:$F$14,3,FALSE),0) -> 300 | U8: =L8*Food_DB!$C$8 -> 270 | V8: =M8 -> 0 | W8: =SUM(N8:V8) -> 1387.5 | X8: =D8*Food_DB!$D$2+E8/100*Food_DB!$D$3+F8/30*Food_DB!$D$4+G8*Food_DB!$D$5+H8/100*Food_DB!$D$6+I8/100*Food_DB!$D$7+IFERROR(K8/100*VLOOKUP(J8,Food_DB!$A$2:$F$14,4,FALSE),0)+L8*Food_DB!$D$8 -> 100.5 | Y8: =D8*Food_DB!$E$2+E8/100*Food_DB!$E$3+F8/30*Food_DB!$E$4+G8*Food_DB!$E$5+H8/100*Food_DB!$E$6+I8/100*Food_DB!$E$7+IFERROR(K8/100*VLOOKUP(J8,Food_DB!$A$2:$F$14,5,FALSE),0)+L8*Food_DB!$E$8 -> 32.35 | Z8: =D8*Food_DB!$F$2+E8/100*Food_DB!$F$3+F8/30*Food_DB!$F$4+G8*Food_DB!$F$5+H8/100*Food_DB!$F$6+I8/100*Food_DB!$F$7+IFERROR(K8/100*VLOOKUP(J8,Food_DB!$A$2:$F$14,6,FALSE),0)+L8*Food_DB!$F$8 -> 178.15 | AA8: 6.5 | AB8: 30 | AC8: 0 | AD8: 0 | AE8: =Dashboard!$B$6*AA8+Dashboard!$B$6*4*AB8/60+Dashboard!$B$6*8*AC8/120+Dashboard!$B$6*7*AD8 -> 680 | AF8: =Dashboard!$B$5 -> 1700 | AG8: =AF8*1.2+AE8 -> 2720 | AH8: =W8-AG8 -> -1332.5
A9: 46185 | B9: 周五 | C9: 周五放纵/跑步+力量 | D9: 2 | E9: 400 | F9: 30 | G9: 1 | H9: 150 | I9: 250 | J9: 羊肉 | K9: 250 | L9: 3 | M9: 1000 | N9: =D9*Food_DB!$C$2 -> 150 | O9: =E9/100*Food_DB!$C$3 -> 260 | P9: =F9/30*Food_DB!$C$4 -> 111 | Q9: =G9*Food_DB!$C$5 -> 222 | R9: =H9/100*Food_DB!$C$6 -> 12 | S9: =I9/100*Food_DB!$C$7 -> 62.5 | T9: =IFERROR(K9/100*VLOOKUP(J9,Food_DB!$A$2:$F$14,3,FALSE),0) -> 575 | U9: =L9*Food_DB!$C$8 -> 270 | V9: =M9 -> 1000 | W9: =SUM(N9:V9) -> 2662.5 | X9: =D9*Food_DB!$D$2+E9/100*Food_DB!$D$3+F9/30*Food_DB!$D$4+G9*Food_DB!$D$5+H9/100*Food_DB!$D$6+I9/100*Food_DB!$D$7+IFERROR(K9/100*VLOOKUP(J9,Food_DB!$A$2:$F$14,4,FALSE),0)+L9*Food_DB!$D$8 -> 88 | Y9: =D9*Food_DB!$E$2+E9/100*Food_DB!$E$3+F9/30*Food_DB!$E$4+G9*Food_DB!$E$5+H9/100*Food_DB!$E$6+I9/100*Food_DB!$E$7+IFERROR(K9/100*VLOOKUP(J9,Food_DB!$A$2:$F$14,5,FALSE),0)+L9*Food_DB!$E$8 -> 68.6 | Z9: =D9*Food_DB!$F$2+E9/100*Food_DB!$F$3+F9/30*Food_DB!$F$4+G9*Food_DB!$F$5+H9/100*Food_DB!$F$6+I9/100*Food_DB!$F$7+IFERROR(K9/100*VLOOKUP(J9,Food_DB!$A$2:$F$14,6,FALSE),0)+L9*Food_DB!$F$8 -> 178.15 | AA9: 6.5 | AB9: 30 | AC9: 0 | AD9: 0 | AE9: =Dashboard!$B$6*AA9+Dashboard!$B$6*4*AB9/60+Dashboard!$B$6*8*AC9/120+Dashboard!$B$6*7*AD9 -> 680 | AF9: =Dashboard!$B$5 -> 1700 | AG9: =AF9*1.2+AE9 -> 2720 | AH9: =W9-AG9 -> -57.5
A10: 46186 | B10: 周六 | C10: 羽毛球 | D10: 2 | E10: 400 | F10: 30 | G10: 1 | H10: 150 | I10: 250 | J10: 瘦牛肉 | K10: 250 | L10: 3 | M10: 0 | N10: =D10*Food_DB!$C$2 -> 150 | O10: =E10/100*Food_DB!$C$3 -> 260 | P10: =F10/30*Food_DB!$C$4 -> 111 | Q10: =G10*Food_DB!$C$5 -> 222 | R10: =H10/100*Food_DB!$C$6 -> 12 | S10: =I10/100*Food_DB!$C$7 -> 62.5 | T10: =IFERROR(K10/100*VLOOKUP(J10,Food_DB!$A$2:$F$14,3,FALSE),0) -> 550 | U10: =L10*Food_DB!$C$8 -> 270 | V10: =M10 -> 0 | W10: =SUM(N10:V10) -> 1637.5 | X10: =D10*Food_DB!$D$2+E10/100*Food_DB!$D$3+F10/30*Food_DB!$D$4+G10*Food_DB!$D$5+H10/100*Food_DB!$D$6+I10/100*Food_DB!$D$7+IFERROR(K10/100*VLOOKUP(J10,Food_DB!$A$2:$F$14,4,FALSE),0)+L10*Food_DB!$D$8 -> 93 | Y10: =D10*Food_DB!$E$2+E10/100*Food_DB!$E$3+F10/30*Food_DB!$E$4+G10*Food_DB!$E$5+H10/100*Food_DB!$E$6+I10/100*Food_DB!$E$7+IFERROR(K10/100*VLOOKUP(J10,Food_DB!$A$2:$F$14,5,FALSE),0)+L10*Food_DB!$E$8 -> 63.6 | Z10: =D10*Food_DB!$F$2+E10/100*Food_DB!$F$3+F10/30*Food_DB!$F$4+G10*Food_DB!$F$5+H10/100*Food_DB!$F$6+I10/100*Food_DB!$F$7+IFERROR(K10/100*VLOOKUP(J10,Food_DB!$A$2:$F$14,6,FALSE),0)+L10*Food_DB!$F$8 -> 178.15 | AA10: 0 | AB10: 0 | AC10: 0 | AD10: 3.5 | AE10: =Dashboard!$B$6*AA10+Dashboard!$B$6*4*AB10/60+Dashboard!$B$6*8*AC10/120+Dashboard!$B$6*7*AD10 -> 1960 | AF10: =Dashboard!$B$5 -> 1700 | AG10: =AF10*1.2+AE10 -> 4000 | AH10: =W10-AG10 -> -2362.5
A11: 46187 | B11: 周日 | C11: 羽毛球 | D11: 2 | E11: 400 | F11: 30 | G11: 1 | H11: 150 | I11: 250 | J11: 瘦猪肉 | K11: 250 | L11: 3 | M11: 0 | N11: =D11*Food_DB!$C$2 -> 150 | O11: =E11/100*Food_DB!$C$3 -> 260 | P11: =F11/30*Food_DB!$C$4 -> 111 | Q11: =G11*Food_DB!$C$5 -> 222 | R11: =H11/100*Food_DB!$C$6 -> 12 | S11: =I11/100*Food_DB!$C$7 -> 62.5 | T11: =IFERROR(K11/100*VLOOKUP(J11,Food_DB!$A$2:$F$14,3,FALSE),0) -> 450 | U11: =L11*Food_DB!$C$8 -> 270 | V11: =M11 -> 0 | W11: =SUM(N11:V11) -> 1537.5 | X11: =D11*Food_DB!$D$2+E11/100*Food_DB!$D$3+F11/30*Food_DB!$D$4+G11*Food_DB!$D$5+H11/100*Food_DB!$D$6+I11/100*Food_DB!$D$7+IFERROR(K11/100*VLOOKUP(J11,Food_DB!$A$2:$F$14,4,FALSE),0)+L11*Food_DB!$D$8 -> 93 | Y11: =D11*Food_DB!$E$2+E11/100*Food_DB!$E$3+F11/30*Food_DB!$E$4+G11*Food_DB!$E$5+H11/100*Food_DB!$E$6+I11/100*Food_DB!$E$7+IFERROR(K11/100*VLOOKUP(J11,Food_DB!$A$2:$F$14,5,FALSE),0)+L11*Food_DB!$E$8 -> 51.1 | Z11: =D11*Food_DB!$F$2+E11/100*Food_DB!$F$3+F11/30*Food_DB!$F$4+G11*Food_DB!$F$5+H11/100*Food_DB!$F$6+I11/100*Food_DB!$F$7+IFERROR(K11/100*VLOOKUP(J11,Food_DB!$A$2:$F$14,6,FALSE),0)+L11*Food_DB!$F$8 -> 178.15 | AA11: 0 | AB11: 0 | AC11: 0 | AD11: 3.5 | AE11: =Dashboard!$B$6*AA11+Dashboard!$B$6*4*AB11/60+Dashboard!$B$6*8*AC11/120+Dashboard!$B$6*7*AD11 -> 1960 | AF11: =Dashboard!$B$5 -> 1700 | AG11: =AF11*1.2+AE11 -> 4000 | AH11: =W11-AG11 -> -2462.5
A12: 46188 | B12: 周一 | C12: 跑步+力量 | D12: 2 | E12: 400 | F12: 30 | G12: 1 | H12: 150 | I12: 250 | J12: 鸡胸/瘦鸡肉 | K12: 250 | L12: 3 | M12: 0 | N12: =D12*Food_DB!$C$2 -> 150 | O12: =E12/100*Food_DB!$C$3 -> 260 | P12: =F12/30*Food_DB!$C$4 -> 111 | Q12: =G12*Food_DB!$C$5 -> 222 | R12: =H12/100*Food_DB!$C$6 -> 12 | S12: =I12/100*Food_DB!$C$7 -> 62.5 | T12: =IFERROR(K12/100*VLOOKUP(J12,Food_DB!$A$2:$F$14,3,FALSE),0) -> 300 | U12: =L12*Food_DB!$C$8 -> 270 | V12: =M12 -> 0 | W12: =SUM(N12:V12) -> 1387.5 | X12: =D12*Food_DB!$D$2+E12/100*Food_DB!$D$3+F12/30*Food_DB!$D$4+G12*Food_DB!$D$5+H12/100*Food_DB!$D$6+I12/100*Food_DB!$D$7+IFERROR(K12/100*VLOOKUP(J12,Food_DB!$A$2:$F$14,4,FALSE),0)+L12*Food_DB!$D$8 -> 100.5 | Y12: =D12*Food_DB!$E$2+E12/100*Food_DB!$E$3+F12/30*Food_DB!$E$4+G12*Food_DB!$E$5+H12/100*Food_DB!$E$6+I12/100*Food_DB!$E$7+IFERROR(K12/100*VLOOKUP(J12,Food_DB!$A$2:$F$14,5,FALSE),0)+L12*Food_DB!$E$8 -> 32.35 | Z12: =D12*Food_DB!$F$2+E12/100*Food_DB!$F$3+F12/30*Food_DB!$F$4+G12*Food_DB!$F$5+H12/100*Food_DB!$F$6+I12/100*Food_DB!$F$7+IFERROR(K12/100*VLOOKUP(J12,Food_DB!$A$2:$F$14,6,FALSE),0)+L12*Food_DB!$F$8 -> 178.15 | AA12: 6.5 | AB12: 30 | AC12: 0 | AD12: 0 | AE12: =Dashboard!$B$6*AA12+Dashboard!$B$6*4*AB12/60+Dashboard!$B$6*8*AC12/120+Dashboard!$B$6*7*AD12 -> 680 | AF12: =Dashboard!$B$5 -> 1700 | AG12: =AF12*1.2+AE12 -> 2720 | AH12: =W12-AG12 -> -1332.5
A13: 46189 | B13: 周二 | C13: 跑步+力量 | D13: 2 | E13: 400 | F13: 30 | G13: 1 | H13: 150 | I13: 250 | J13: 羊肉 | K13: 250 | L13: 3 | M13: 0 | N13: =D13*Food_DB!$C$2 -> 150 | O13: =E13/100*Food_DB!$C$3 -> 260 | P13: =F13/30*Food_DB!$C$4 -> 111 | Q13: =G13*Food_DB!$C$5 -> 222 | R13: =H13/100*Food_DB!$C$6 -> 12 | S13: =I13/100*Food_DB!$C$7 -> 62.5 | T13: =IFERROR(K13/100*VLOOKUP(J13,Food_DB!$A$2:$F$14,3,FALSE),0) -> 575 | U13: =L13*Food_DB!$C$8 -> 270 | V13: =M13 -> 0 | W13: =SUM(N13:V13) -> 1662.5 | X13: =D13*Food_DB!$D$2+E13/100*Food_DB!$D$3+F13/30*Food_DB!$D$4+G13*Food_DB!$D$5+H13/100*Food_DB!$D$6+I13/100*Food_DB!$D$7+IFERROR(K13/100*VLOOKUP(J13,Food_DB!$A$2:$F$14,4,FALSE),0)+L13*Food_DB!$D$8 -> 88 | Y13: =D13*Food_DB!$E$2+E13/100*Food_DB!$E$3+F13/30*Food_DB!$E$4+G13*Food_DB!$E$5+H13/100*Food_DB!$E$6+I13/100*Food_DB!$E$7+IFERROR(K13/100*VLOOKUP(J13,Food_DB!$A$2:$F$14,5,FALSE),0)+L13*Food_DB!$E$8 -> 68.6 | Z13: =D13*Food_DB!$F$2+E13/100*Food_DB!$F$3+F13/30*Food_DB!$F$4+G13*Food_DB!$F$5+H13/100*Food_DB!$F$6+I13/100*Food_DB!$F$7+IFERROR(K13/100*VLOOKUP(J13,Food_DB!$A$2:$F$14,6,FALSE),0)+L13*Food_DB!$F$8 -> 178.15 | AA13: 6.5 | AB13: 30 | AC13: 0 | AD13: 0 | AE13: =Dashboard!$B$6*AA13+Dashboard!$B$6*4*AB13/60+Dashboard!$B$6*8*AC13/120+Dashboard!$B$6*7*AD13 -> 680 | AF13: =Dashboard!$B$5 -> 1700 | AG13: =AF13*1.2+AE13 -> 2720 | AH13: =W13-AG13 -> -1057.5
... A371: 46547 | B371: 周三 | C371: 跑步+力量 | D371: 2 | E371: 400 | F371: 30 | G371: 1 | H371: 150 | I371: 250 | J371: 瘦猪肉 | K371: 250 | L371: 3 | M371: 0 | N371: =D371*Food_DB!$C$2 -> 150 | O371: =E371/100*Food_DB!$C$3 -> 260 | P371: =F371/30*Food_DB!$C$4 -> 111 | Q371: =G371*Food_DB!$C$5 -> 222 | R371: =H371/100*Food_DB!$C$6 -> 12 | S371: =I371/100*Food_DB!$C$7 -> 62.5 | T371: =IFERROR(K371/100*VLOOKUP(J371,Food_DB!$A$2:$F$14,3,FALSE),0) -> 450 | U371: =L371*Food_DB!$C$8 -> 270 | V371: =M371 -> 0 | W371: =SUM(N371:V371) -> 1537.5 | X371: =D371*Food_DB!$D$2+E371/100*Food_DB!$D$3+F371/30*Food_DB!$D$4+G371*Food_DB!$D$5+H371/100*Food_DB!$D$6+I371/100*Food_DB!$D$7+IFERROR(K371/100*VLOOKUP(J371,Food_DB!$A$2:$F$14,4,FALSE),0)+L371*Food_DB!$D$8 -> 93 | Y371: =D371*Food_DB!$E$2+E371/100*Food_DB!$E$3+F371/30*Food_DB!$E$4+G371*Food_DB!$E$5+H371/100*Food_DB!$E$6+I371/100*Food_DB!$E$7+IFERROR(K371/100*VLOOKUP(J371,Food_DB!$A$2:$F$14,5,FALSE),0)+L371*Food_DB!$E$8 -> 51.1 | Z371: =D371*Food_DB!$F$2+E371/100*Food_DB!$F$3+F371/30*Food_DB!$F$4+G371*Food_DB!$F$5+H371/100*Food_DB!$F$6+I371/100*Food_DB!$F$7+IFERROR(K371/100*VLOOKUP(J371,Food_DB!$A$2:$F$14,6,FALSE),0)+L371*Food_DB!$F$8 -> 178.15 | AA371: 6.5 | AB371: 30 | AC371: 0 | AD371: 0 | AE371: =Dashboard!$B$6*AA371+Dashboard!$B$6*4*AB371/60+Dashboard!$B$6*8*AC371/120+Dashboard!$B$6*7*AD371 -> 680 | AF371: =Dashboard!$B$5 -> 1700 | AG371: =AF371*1.2+AE371 -> 2720 | AH371: =W371-AG371 -> -1182.5

Sheet Weight_Log
A1: 日期 | B1: 体重 kg | C1: 7日均重 kg | D1: 腰围 cm | E1: 备注
A2: 46178 | B2: 80 | C2: =IF(COUNT(B2:B2)=0,"",AVERAGE(B2:B2)) -> 80
A3: 46179 | C3: =IF(COUNT(B2:B3)=0,"",AVERAGE(B2:B3)) -> 80
A4: 46180 | C4: =IF(COUNT(B2:B4)=0,"",AVERAGE(B2:B4)) -> 80
A5: 46181 | C5: =IF(COUNT(B2:B5)=0,"",AVERAGE(B2:B5)) -> 80
A6: 46182 | C6: =IF(COUNT(B2:B6)=0,"",AVERAGE(B2:B6)) -> 80
A7: 46183 | C7: =IF(COUNT(B2:B7)=0,"",AVERAGE(B2:B7)) -> 80
A8: 46184 | C8: =IF(COUNT(B2:B8)=0,"",AVERAGE(B2:B8)) -> 80
A9: 46185 | C9: =IF(COUNT(B3:B9)=0,"",AVERAGE(B3:B9))
A10: 46186 | C10: =IF(COUNT(B4:B10)=0,"",AVERAGE(B4:B10))
A11: 46187 | C11: =IF(COUNT(B5:B11)=0,"",AVERAGE(B5:B11))
A12: 46188 | C12: =IF(COUNT(B6:B12)=0,"",AVERAGE(B6:B12))
A13: 46189 | C13: =IF(COUNT(B7:B13)=0,"",AVERAGE(B7:B13))
A14: 46190 | C14: =IF(COUNT(B8:B14)=0,"",AVERAGE(B8:B14))
A15: 46191 | C15: =IF(COUNT(B9:B15)=0,"",AVERAGE(B9:B15))
A16: 46192 | C16: =IF(COUNT(B10:B16)=0,"",AVERAGE(B10:B16))
A17: 46193 | C17: =IF(COUNT(B11:B17)=0,"",AVERAGE(B11:B17))
A18: 46194 | C18: =IF(COUNT(B12:B18)=0,"",AVERAGE(B12:B18))
A19: 46195 | C19: =IF(COUNT(B13:B19)=0,"",AVERAGE(B13:B19))
... A371: 46547 | C371: =IF(COUNT(B365:B371)=0,"",AVERAGE(B365:B371))

Sheet Food_DB
A1: 食物/项目 | B1: 单位 | C1: 每单位热量 kcal | D1: 蛋白质 g | E1: 脂肪 g | F1: 碳水 g | G1: 备注 | H1: 可调整 | I1: 来源/依据 | J1: 类别
A2: 鸡蛋 | B2: 1个 | C2: 75 | D2: 6.2 | E2: 5 | F2: 0.4 | G2: 早餐默认2个 | H2: 可改 | I2: 常见中等鸡蛋估算 | J2: 蛋白/脂肪
A3: 森永ビヒダスプレーンヨーグルト | B3: 100g | C3: 65 | D3: 3.7 | E3: 3.1 | F3: 5.5 | G3: 用户提供标签，400g=260kcal | H3: 固定 | I3: 包装标签 | J3: 乳制品
A4: 日食プレミアムピュアオートミール | B4: 30g | C4: 111 | D4: 4.4 | E4: 2 | F4: 20.6 | G4: 用户截图，重量不确定，默认30g | H4: 可改 | I4: 包装截图和估算 | J4: 主食/谷物
A5: 微波炉米饭 | B5: 1份 | C5: 222 | D5: 3.8 | E5: 0.6 | F5: 48 | G5: 用户确认一份222kcal | H5: 固定 | I5: 用户提供 | J5: 主食
A6: 魔芋丝 | B6: 100g | C6: 8 | D6: 0.2 | E6: 0 | F6: 3.5 | G6: 150g约12kcal | H6: 估算 | I6: 常见食品成分估算 | J6: 低热量
A7: 白菜蘑菇等蔬菜 | B7: 100g | C7: 25 | D7: 1.6 | E7: 0.2 | F7: 5 | G7: 250g以上约60kcal | H7: 估算 | I7: 常见蔬菜估算 | J7: 蔬菜
A8: 香蕉 | B8: 1根 | C8: 90 | D8: 1.1 | E8: 0.2 | F8: 23 | G8: 中等大小估算 | H8: 估算 | I8: 常见食品成分估算 | J8: 水果/碳水
A9: 鸡胸/瘦鸡肉 | B9: 100g生重 | C9: 120 | D9: 23 | E9: 2.5 | F9: 0 | G9: 基本无油烹调 | H9: 估算 | I9: 常见食品成分估算 | J9: 肉类
A10: 鸡腿/普通鸡肉 | B10: 100g生重 | C10: 180 | D10: 18 | E10: 12 | F10: 0 | G10: 去皮/带皮差异大 | H10: 估算 | I10: 常见食品成分估算 | J10: 肉类
A11: 瘦牛肉 | B11: 100g生重 | C11: 220 | D11: 20 | E11: 15 | F11: 0 | G11: 普通牛肉差异较大 | H11: 估算 | I11: 常见食品成分估算 | J11: 肉类
A12: 瘦猪肉 | B12: 100g生重 | C12: 180 | D12: 20 | E12: 10 | F12: 0 | G12: 五花肉不要用这个 | H12: 估算 | I12: 常见食品成分估算 | J12: 肉类
A13: 羊肉 | B13: 100g生重 | C13: 230 | D13: 18 | E13: 17 | F13: 0 | G13: 羊肉片脂肪差异大 | H13: 估算 | I13: 常见食品成分估算 | J13: 肉类
... A15: 额外放纵餐 | B15: kcal | C15: 1 | D15: 0 | E15: 0 | F15: 0 | G15: 烤肉、炸鸡、汉堡等直接记录热量 | H15: 手填 | I15: 用户自行估算 | J15: 额外

Sheet Weekly_Summary
A1: 周开始 | B1: 总摄入 kcal | C1: 总消耗 kcal | D1: 净热量 kcal | E1: 跑步 km | F1: 羽毛球 h | G1: 平均体重 kg | H1: 体重变化 kg | I1: 备注
A2: 46178 | B2: =SUMIFS(Daily_Log!$W:$W,Daily_Log!$A:$A,">="&A2,Daily_Log!$A:$A,"<"&A2+7) -> 11787.5 | C2: =SUMIFS(Daily_Log!$AG:$AG,Daily_Log!$A:$A,">="&A2,Daily_Log!$A:$A,"<"&A2+7) -> 21600 | D2: =B2-C2 -> -9812.5 | E2: =SUMIFS(Daily_Log!$AA:$AA,Daily_Log!$A:$A,">="&A2,Daily_Log!$A:$A,"<"&A2+7) -> 32.5 | F2: =SUMIFS(Daily_Log!$AD:$AD,Daily_Log!$A:$A,">="&A2,Daily_Log!$A:$A,"<"&A2+7) -> 7 | G2: =IFERROR(AVERAGEIFS(Weight_Log!$B:$B,Weight_Log!$A:$A,">="&A2,Weight_Log!$A:$A,"<"&A2+7),"") -> 80 | H2: =IF(OR(G2="",G1=""),"",G2-G1) -> #VALUE!
A3: 46185 | B3: =SUMIFS(Daily_Log!$W:$W,Daily_Log!$A:$A,">="&A3,Daily_Log!$A:$A,"<"&A3+7) -> 12062.5 | C3: =SUMIFS(Daily_Log!$AG:$AG,Daily_Log!$A:$A,">="&A3,Daily_Log!$A:$A,"<"&A3+7) -> 21600 | D3: =B3-C3 -> -9537.5 | E3: =SUMIFS(Daily_Log!$AA:$AA,Daily_Log!$A:$A,">="&A3,Daily_Log!$A:$A,"<"&A3+7) -> 32.5 | F3: =SUMIFS(Daily_Log!$AD:$AD,Daily_Log!$A:$A,">="&A3,Daily_Log!$A:$A,"<"&A3+7) -> 7 | G3: =IFERROR(AVERAGEIFS(Weight_Log!$B:$B,Weight_Log!$A:$A,">="&A3,Weight_Log!$A:$A,"<"&A3+7),"") | H3: =IF(OR(G3="",G2=""),"",G3-G2)
A4: 46192 | B4: =SUMIFS(Daily_Log!$W:$W,Daily_Log!$A:$A,">="&A4,Daily_Log!$A:$A,"<"&A4+7) -> 11912.5 | C4: =SUMIFS(Daily_Log!$AG:$AG,Daily_Log!$A:$A,">="&A4,Daily_Log!$A:$A,"<"&A4+7) -> 21600 | D4: =B4-C4 -> -9687.5 | E4: =SUMIFS(Daily_Log!$AA:$AA,Daily_Log!$A:$A,">="&A4,Daily_Log!$A:$A,"<"&A4+7) -> 32.5 | F4: =SUMIFS(Daily_Log!$AD:$AD,Daily_Log!$A:$A,">="&A4,Daily_Log!$A:$A,"<"&A4+7) -> 7 | G4: =IFERROR(AVERAGEIFS(Weight_Log!$B:$B,Weight_Log!$A:$A,">="&A4,Weight_Log!$A:$A,"<"&A4+7),"") | H4: =IF(OR(G4="",G3=""),"",G4-G3)
A5: 46199 | B5: =SUMIFS(Daily_Log!$W:$W,Daily_Log!$A:$A,">="&A5,Daily_Log!$A:$A,"<"&A5+7) -> 11812.5 | C5: =SUMIFS(Daily_Log!$AG:$AG,Daily_Log!$A:$A,">="&A5,Daily_Log!$A:$A,"<"&A5+7) -> 21600 | D5: =B5-C5 -> -9787.5 | E5: =SUMIFS(Daily_Log!$AA:$AA,Daily_Log!$A:$A,">="&A5,Daily_Log!$A:$A,"<"&A5+7) -> 32.5 | F5: =SUMIFS(Daily_Log!$AD:$AD,Daily_Log!$A:$A,">="&A5,Daily_Log!$A:$A,"<"&A5+7) -> 7 | G5: =IFERROR(AVERAGEIFS(Weight_Log!$B:$B,Weight_Log!$A:$A,">="&A5,Weight_Log!$A:$A,"<"&A5+7),"") | H5: =IF(OR(G5="",G4=""),"",G5-G4)
A6: 46206 | B6: =SUMIFS(Daily_Log!$W:$W,Daily_Log!$A:$A,">="&A6,Daily_Log!$A:$A,"<"&A6+7) -> 11787.5 | C6: =SUMIFS(Daily_Log!$AG:$AG,Daily_Log!$A:$A,">="&A6,Daily_Log!$A:$A,"<"&A6+7) -> 21600 | D6: =B6-C6 -> -9812.5 | E6: =SUMIFS(Daily_Log!$AA:$AA,Daily_Log!$A:$A,">="&A6,Daily_Log!$A:$A,"<"&A6+7) -> 32.5 | F6: =SUMIFS(Daily_Log!$AD:$AD,Daily_Log!$A:$A,">="&A6,Daily_Log!$A:$A,"<"&A6+7) -> 7 | G6: =IFERROR(AVERAGEIFS(Weight_Log!$B:$B,Weight_Log!$A:$A,">="&A6,Weight_Log!$A:$A,"<"&A6+7),"") | H6: =IF(OR(G6="",G5=""),"",G6-G5)
A7: 46213 | B7: =SUMIFS(Daily_Log!$W:$W,Daily_Log!$A:$A,">="&A7,Daily_Log!$A:$A,"<"&A7+7) -> 12062.5 | C7: =SUMIFS(Daily_Log!$AG:$AG,Daily_Log!$A:$A,">="&A7,Daily_Log!$A:$A,"<"&A7+7) -> 21600 | D7: =B7-C7 -> -9537.5 | E7: =SUMIFS(Daily_Log!$AA:$AA,Daily_Log!$A:$A,">="&A7,Daily_Log!$A:$A,"<"&A7+7) -> 32.5 | F7: =SUMIFS(Daily_Log!$AD:$AD,Daily_Log!$A:$A,">="&A7,Daily_Log!$A:$A,"<"&A7+7) -> 7 | G7: =IFERROR(AVERAGEIFS(Weight_Log!$B:$B,Weight_Log!$A:$A,">="&A7,Weight_Log!$A:$A,"<"&A7+7),"") | H7: =IF(OR(G7="",G6=""),"",G7-G6)
A8: 46220 | B8: =SUMIFS(Daily_Log!$W:$W,Daily_Log!$A:$A,">="&A8,Daily_Log!$A:$A,"<"&A8+7) -> 11912.5 | C8: =SUMIFS(Daily_Log!$AG:$AG,Daily_Log!$A:$A,">="&A8,Daily_Log!$A:$A,"<"&A8+7) -> 21600 | D8: =B8-C8 -> -9687.5 | E8: =SUMIFS(Daily_Log!$AA:$AA,Daily_Log!$A:$A,">="&A8,Daily_Log!$A:$A,"<"&A8+7) -> 32.5 | F8: =SUMIFS(Daily_Log!$AD:$AD,Daily_Log!$A:$A,">="&A8,Daily_Log!$A:$A,"<"&A8+7) -> 7 | G8: =IFERROR(AVERAGEIFS(Weight_Log!$B:$B,Weight_Log!$A:$A,">="&A8,Weight_Log!$A:$A,"<"&A8+7),"") | H8: =IF(OR(G8="",G7=""),"",G8-G7)
A9: 46227 | B9: =SUMIFS(Daily_Log!$W:$W,Daily_Log!$A:$A,">="&A9,Daily_Log!$A:$A,"<"&A9+7) -> 11812.5 | C9: =SUMIFS(Daily_Log!$AG:$AG,Daily_Log!$A:$A,">="&A9,Daily_Log!$A:$A,"<"&A9+7) -> 21600 | D9: =B9-C9 -> -9787.5 | E9: =SUMIFS(Daily_Log!$AA:$AA,Daily_Log!$A:$A,">="&A9,Daily_Log!$A:$A,"<"&A9+7) -> 32.5 | F9: =SUMIFS(Daily_Log!$AD:$AD,Daily_Log!$A:$A,">="&A9,Daily_Log!$A:$A,"<"&A9+7) -> 7 | G9: =IFERROR(AVERAGEIFS(Weight_Log!$B:$B,Weight_Log!$A:$A,">="&A9,Weight_Log!$A:$A,"<"&A9+7),"") | H9: =IF(OR(G9="",G8=""),"",G9-G8)
A10: 46234 | B10: =SUMIFS(Daily_Log!$W:$W,Daily_Log!$A:$A,">="&A10,Daily_Log!$A:$A,"<"&A10+7) -> 11787.5 | C10: =SUMIFS(Daily_Log!$AG:$AG,Daily_Log!$A:$A,">="&A10,Daily_Log!$A:$A,"<"&A10+7) -> 21600 | D10: =B10-C10 -> -9812.5 | E10: =SUMIFS(Daily_Log!$AA:$AA,Daily_Log!$A:$A,">="&A10,Daily_Log!$A:$A,"<"&A10+7) -> 32.5 | F10: =SUMIFS(Daily_Log!$AD:$AD,Daily_Log!$A:$A,">="&A10,Daily_Log!$A:$A,"<"&A10+7) -> 7 | G10: =IFERROR(AVERAGEIFS(Weight_Log!$B:$B,Weight_Log!$A:$A,">="&A10,Weight_Log!$A:$A,"<"&A10+7),"") | H10: =IF(OR(G10="",G9=""),"",G10-G9)
A11: 46241 | B11: =SUMIFS(Daily_Log!$W:$W,Daily_Log!$A:$A,">="&A11,Daily_Log!$A:$A,"<"&A11+7) -> 12062.5 | C11: =SUMIFS(Daily_Log!$AG:$AG,Daily_Log!$A:$A,">="&A11,Daily_Log!$A:$A,"<"&A11+7) -> 21600 | D11: =B11-C11 -> -9537.5 | E11: =SUMIFS(Daily_Log!$AA:$AA,Daily_Log!$A:$A,">="&A11,Daily_Log!$A:$A,"<"&A11+7) -> 32.5 | F11: =SUMIFS(Daily_Log!$AD:$AD,Daily_Log!$A:$A,">="&A11,Daily_Log!$A:$A,"<"&A11+7) -> 7 | G11: =IFERROR(AVERAGEIFS(Weight_Log!$B:$B,Weight_Log!$A:$A,">="&A11,Weight_Log!$A:$A,"<"&A11+7),"") | H11: =IF(OR(G11="",G10=""),"",G11-G10)
A12: 46248 | B12: =SUMIFS(Daily_Log!$W:$W,Daily_Log!$A:$A,">="&A12,Daily_Log!$A:$A,"<"&A12+7) -> 11912.5 | C12: =SUMIFS(Daily_Log!$AG:$AG,Daily_Log!$A:$A,">="&A12,Daily_Log!$A:$A,"<"&A12+7) -> 21600 | D12: =B12-C12 -> -9687.5 | E12: =SUMIFS(Daily_Log!$AA:$AA,Daily_Log!$A:$A,">="&A12,Daily_Log!$A:$A,"<"&A12+7) -> 32.5 | F12: =SUMIFS(Daily_Log!$AD:$AD,Daily_Log!$A:$A,">="&A12,Daily_Log!$A:$A,"<"&A12+7) -> 7 | G12: =IFERROR(AVERAGEIFS(Weight_Log!$B:$B,Weight_Log!$A:$A,">="&A12,Weight_Log!$A:$A,"<"&A12+7),"") | H12: =IF(OR(G12="",G11=""),"",G12-G11)
A13: 46255 | B13: =SUMIFS(Daily_Log!$W:$W,Daily_Log!$A:$A,">="&A13,Daily_Log!$A:$A,"<"&A13+7) -> 11812.5 | C13: =SUMIFS(Daily_Log!$AG:$AG,Daily_Log!$A:$A,">="&A13,Daily_Log!$A:$A,"<"&A13+7) -> 21600 | D13: =B13-C13 -> -9787.5 | E13: =SUMIFS(Daily_Log!$AA:$AA,Daily_Log!$A:$A,">="&A13,Daily_Log!$A:$A,"<"&A13+7) -> 32.5 | F13: =SUMIFS(Daily_Log!$AD:$AD,Daily_Log!$A:$A,">="&A13,Daily_Log!$A:$A,"<"&A13+7) -> 7 | G13: =IFERROR(AVERAGEIFS(Weight_Log!$B:$B,Weight_Log!$A:$A,">="&A13,Weight_Log!$A:$A,"<"&A13+7),"") | H13: =IF(OR(G13="",G12=""),"",G13-G12)
... A55: 46549 | B55: =SUMIFS(Daily_Log!$W:$W,Daily_Log!$A:$A,">="&A55,Daily_Log!$A:$A,"<"&A55+7) -> 0 | C55: =SUMIFS(Daily_Log!$AG:$AG,Daily_Log!$A:$A,">="&A55,Daily_Log!$A:$A,"<"&A55+7) -> 0 | D55: =B55-C55 -> 0 | E55: =SUMIFS(Daily_Log!$AA:$AA,Daily_Log!$A:$A,">="&A55,Daily_Log!$A:$A,"<"&A55+7) -> 0 | F55: =SUMIFS(Daily_Log!$AD:$AD,Daily_Log!$A:$A,">="&A55,Daily_Log!$A:$A,"<"&A55+7) -> 0 | G55: =IFERROR(AVERAGEIFS(Weight_Log!$B:$B,Weight_Log!$A:$A,">="&A55,Weight_Log!$A:$A,"<"&A55+7),"") | H55: =IF(OR(G55="",G54=""),"",G55-G54)

Sheet Instructions
A1: 使用说明
A3: 1 | B3: 先到 Dashboard 填当前体重和BMR。你已给出BMR约1700kcal，模板已默认填入。
A4: 2 | B4: Daily_Log 中黄色列是建议手填项。肉类从下拉菜单选择，肉的克数和香蕉数量可按当天实际修改。
A5: 3 | B5: 米饭按你确认的222kcal/份计算。如果当天不吃传统米饭，把米饭份数改成0，并把替代餐估算填到“额外/放纵 kcal”。
A6: 4 | B6: 基本无油、调味料3g以内，所以模板未单独给油脂热量。如某天吃烤肉/炸鸡/汉堡，可直接在额外/放纵 kcal 填估算值。
A7: 5 | B7: 运动消耗公式：跑步约=体重kg×公里数；力量=4MET；波比=8MET；羽毛球=7MET。都是估算值，不是医疗级测量。
A8: 6 | B8: Weight_Log 中只需要填体重，7日均重会自动计算，并自动画折线图。
A9: 7 | B9: Dashboard 已包含摄入/消耗曲线、食物结构柱状图、体重变化折线图。
